{
    "center": [
        -0.0003539751035050815,
        0.5593997291638277,
        -0.00017879302435633006
    ],
    "extents": [
        9.189324523776142,
        1.1188687926189504,
        9.20081362899733
    ],
    "scale": [
        0.025,
        0.025,
        0.025
    ],
    "transform_matrix": [
        [1.0, 0.0, 0.0, 0.0],
        [0.0, 1.0, 0.0, 0.0],
        [-0.0, 0.0, 1.0, 0.0],
        [0.0, 0.0, 0.0, 1.0]
    ],
    "target_pose": [
        [
            [1.0, 0.0, 0.0, 0.0],
            [0.0, 1.0, -0.0, 0.07433000206947327],
            [0.0, 0.0, 1.0, -0.0],
            [0.0, 0.0, 0.0, 1.0]
        ]
    ],
    "contact_points_pose": [
        [
            [0.8660254, 0.0, 0.5, 0.0],
            [0.0, 1.0, 0.0, 0.012],
            [-0.5, 0.0, 0.8660254, -0.085],
            [0.0, 0.0, 0.0, 1.0]
        ],
        [
            [0.8660254, 0.0, 0.5, -0.085],
            [0.0, 1.0, 0.0, 0.012],
            [-0.5, 0.0, 0.8660254, 0.0],
            [0.0, 0.0, 0.0, 1.0]
        ],
        [
            [0.8660254, 0.0, 0.5, 0.085],
            [0.0, 1.0, 0.0, 0.012],
            [-0.5, 0.0, 0.8660254, 0.0],
            [0.0, 0.0, 0.0, 1.0]
        ],
        [
            [0.8660254, 0.0, 0.5, 0.0],
            [0.0, 1.0, 0.0, 0.012],
            [-0.5, 0.0, 0.8660254, 0.085],
            [0.0, 0.0, 0.0, 1.0]
        ],
        [
            [0.8660254, 0.0, -0.5, 0.0],
            [0.0, 1.0, 0.0, 0.012],
            [0.5, 0.0, 0.8660254, 0.085],
            [0.0, 0.0, 0.0, 1.0]
        ],
        [
            [0.8660254, 0.0, -0.5, -0.085],
            [0.0, 1.0, 0.0, 0.012],
            [0.5, 0.0, 0.8660254, 0.0],
            [0.0, 0.0, 0.0, 1.0]
        ],
        [
            [0.8660254, 0.0, -0.5, 0.085],
            [0.0, 1.0, 0.0, 0.012],
            [0.5, 0.0, 0.8660254, 0.0],
            [0.0, 0.0, 0.0, 1.0]
        ],
        [
            [0.8660254, 0.0, -0.5, 0.0],
            [0.0, 1.0, 0.0, 0.012],
            [0.5, 0.0, 0.8660254, -0.085],
            [0.0, 0.0, 0.0, 1.0]
        ]
    ],
    "functional_matrix": [
        [
            [1.0, -0.0, -0.0, 0.0],
            [-0.0, 0.0, -1.0, 0.12304999679327011],
            [0.0, 1.0, 0.0, -0.0],
            [0.0, 0.0, 0.0, 1.0]
        ]
    ],
    "orientation_point": [],
    "contact_points_group": [[0, 1, 2, 3, 4, 5, 6, 7]],
    "contact_points_mask": [true],
    "target_point_discription": [
        "The center point of the plate"
    ],
    "contact_points_discription": [
        "Right-arm rim grip (-x world, closest to robot)",
        "Right-arm rim grip (-y world)",
        "Right-arm rim grip (+y world)",
        "Right-arm rim grip (+x world)",
        "Left-arm rim grip (+x world, closest to robot)",
        "Left-arm rim grip (-y world)",
        "Left-arm rim grip (+y world)",
        "Left-arm rim grip (-x world)"
    ],
    "functional_point_discription": [
        ""
    ],
    "orientation_point_discription": [
        ""
    ],
    "stable": true
}
