{
    "scale": 0.15,
    "transform_matrix": [
        [
            0.9999998807907104,
            -0.00043443433241918683,
            2.811231354371557e-07,
            0
        ],
        [
            0.00043443433241918683,
            0.9999998807907104,
            -2.7009241421183106e-07,
            0
        ],
        [
            -2.8100575377720816e-07,
            2.7021451387554407e-07,
            1.0,
            0.0743040218949318
        ],
        [
            0.0,
            0.0,
            0.0,
            1.0
        ]
    ],
    "init_qpos": [],
    "target_points": [],
    "contact_points": [
        {
            "matrix": [
                [
                    -0.02029000036418438,
                    0.011920000426471233,
                    0.9997199773788452,
                    1.1011600494384766
                ],
                [
                    0.5065000057220459,
                    0.8622400164604187,
                    -0.0,
                    -0.10829000174999237
                ],
                [
                    -0.8619999885559082,
                    0.5063599944114685,
                    -0.02353000082075596,
                    0.1898999959230423
                ],
                [
                    0.0,
                    0.0,
                    0.0,
                    1.0
                ]
            ],
            "base": "link_0"
        },
        {
            "matrix": [
                [
                    -0.9999099969863892,
                    -0.013620000332593918,
                    -0.0013099999632686377,
                    1.1040899753570557
                ],
                [
                    -0.013609999790787697,
                    0.9998800158500671,
                    -0.007300000172108412,
                    -0.04538000002503395
                ],
                [
                    0.0014100000262260437,
                    -0.007280000019818544,
                    -0.999970018863678,
                    0.05420000106096268
                ],
                [
                    0.0,
                    0.0,
                    0.0,
                    1.0
                ]
            ],
            "base": "link_0"
        },
        {
            "matrix": [
                [
                    -0.9999200105667114,
                    -0.012790000066161156,
                    -0.0009599999757483602,
                    1.0847400426864624
                ],
                [
                    -0.01278000045567751,
                    0.9998900294303894,
                    -0.007290000095963478,
                    -0.044199999421834946
                ],
                [
                    0.0010600000387057662,
                    -0.007280000019818544,
                    -0.999970018863678,
                    0.2505300045013428
                ],
                [
                    0.0,
                    0.0,
                    0.0,
                    1.0
                ]
            ],
            "base": "link_0"
        },
        {
            "matrix": [
                [
                    2.9999999242136255e-05,
                    -0.01498000044375658,
                    0.9998900294303894,
                    1.1492700576782227
                ],
                [
                    1.0,
                    -1.9999999494757503e-05,
                    -2.9999999242136255e-05,
                    -0.43529999256134033
                ],
                [
                    1.9999999494757503e-05,
                    0.9998900294303894,
                    0.01498000044375658,
                    0.19412000477313995
                ],
                [
                    0.0,
                    0.0,
                    0.0,
                    1.0
                ]
            ],
            "base": "link_0"
        },
        {
            "matrix": [
                [
                    -0.02029000036418438,
                    0.011920000426471233,
                    0.9997199773788452,
                    1.1010899543762207
                ],
                [
                    0.5065000057220459,
                    0.8622400164604187,
                    0.0,
                    -0.10829000174999237
                ],
                [
                    -0.8619999885559082,
                    0.5063599944114685,
                    -0.02353000082075596,
                    0.37393999099731445
                ],
                [
                    0.0,
                    0.0,
                    0.0,
                    1.0
                ]
            ],
            "base": "link_0"
        },
        {
            "matrix": [
                [
                    4.999999873689376e-05,
                    -0.01981000043451786,
                    0.9998000264167786,
                    1.1491800546646118
                ],
                [
                    1.0,
                    -1.9999999494757503e-05,
                    -4.999999873689376e-05,
                    -0.43529999256134033
                ],
                [
                    1.9999999494757503e-05,
                    0.9998000264167786,
                    0.01981000043451786,
                    0.41290000081062317
                ],
                [
                    0.0,
                    0.0,
                    0.0,
                    1.0
                ]
            ],
            "base": "link_0"
        }
    ],
    "functional_points": [
        {
            "matrix": [
                [
                    0.00033999999868683517,
                    -0.0005499999970197678,
                    1.0,
                    -0.1673399955034256
                ],
                [
                    1.0,
                    -0.0007800000021234155,
                    -0.00033999999868683517,
                    -0.20942999422550201
                ],
                [
                    0.0007800000021234155,
                    1.0,
                    0.0005499999970197678,
                    -7.000000186963007e-05
                ],
                [
                    0.0,
                    0.0,
                    0.0,
                    1.0
                ]
            ],
            "base": "link_3"
        }
    ],
    "orientation_point": [],
    "contact_points_group": [],
    "contact_points_mask": [],
    "target_points_discription": [],
    "contact_points_discription": [],
    "functional_points_discription": [],
    "orientation_point_discription": []
}