{
    "center": [
        0.0,
        0.008559825944347054,
        0.0
    ],
    "extents": [
        0.2,
        0.017119651888694108,
        0.04660674774619443
    ],
    "scale": [
        1.0,
        1.0,
        1.0
    ],
    "transform_matrix": [
        [
            1,
            0,
            0,
            0
        ],
        [
            0,
            1,
            0,
            0
        ],
        [
            0,
            0,
            1,
            0
        ],
        [
            0,
            0,
            0,
            1
        ]
    ],
    "target_pose": [],
    "contact_points_pose": [
        [
            [
                1,
                0,
                0,
                0.0
            ],
            [
                0,
                1,
                0,
                0.008559825944347054
            ],
            [
                0,
                0,
                1,
                0.0
            ],
            [
                0,
                0,
                0,
                1
            ]
        ],
        [
            [
                0,
                0,
                1,
                0.0
            ],
            [
                0,
                1,
                0,
                0.008559825944347054
            ],
            [
                -1,
                0,
                0,
                0.0
            ],
            [
                0,
                0,
                0,
                1
            ]
        ],
        [
            [
                -1,
                0,
                0,
                0.0
            ],
            [
                0,
                1,
                0,
                0.008559825944347054
            ],
            [
                0,
                0,
                -1,
                0.0
            ],
            [
                0,
                0,
                0,
                1
            ]
        ],
        [
            [
                0,
                0,
                -1,
                0.0
            ],
            [
                0,
                1,
                0,
                0.008559825944347054
            ],
            [
                1,
                0,
                0,
                0.0
            ],
            [
                0,
                0,
                0,
                1
            ]
        ]
    ],
    "functional_matrix": [],
    "orientation_point": [],
    "contact_points_group": [
        [
            0,
            1,
            2,
            3
        ]
    ],
    "contact_points_mask": [
        true
    ],
    "target_point_discription": [],
    "contact_points_discription": [],
    "functional_point_discription": [],
    "orientation_point_discription": [],
    "stable": false
}